"1","Авдей","+7 (8452) 72-12-77","test@test","1"
"2","Авксентий","+7 (927) 225-31-33","test@test","2"
"3","Агафон","+7 (8453) 39-18-33","test@test","1"
"4","Александр","+7 (8453) 66-21-33","test@test","2"
"5","Алексей","+7 (8453) 46-07-04","test@test","1"
"6","Альберт","+7 (8453) 35-28-38","test@test","2"
"7","Альвиан","+7 (8453) 66-40-04","test@test","1"
"8","Анатолий","+7 (8452) 75-10-88","test@test","2"
"9","Андрей","+7 (8452) 72-12-76","test@test","1"
"10","Антон","+7 (8452) 75-10-89","test@test","2"
"11","Антонин","+7 (8452) 72-12-77","test@test","1"
"12","Анфим","+7 (8452) 75-10-90","test@test","2"
"13","Аристарх ","+7 (8452) 72-12-78","test@test","1"
"14","Аристион","+7 (8452) 75-10-91","test@test","2"
"15","Аркадий","+7 (8452) 75-10-89","test@test","1"
"16","Арсений","+7 (8452) 72-12-77","test@test","2"
"17","Артём","+7 (8452) 75-10-90","test@test","1"
"18","Артур","+7 (8452) 72-12-78","test@test","2"
"19","Архипп","+7 (8452) 75-10-91","test@test","1"
"20","Афанасий","+7 (8452) 72-12-79","test@test","2"
"21","Гавриил","+7 (8452) 75-10-92","test@test","1"
"22","Галактион","+7 (8452) 75-10-90","test@test","2"
"23","Геласий","+7 (8452) 72-12-78","test@test","1"
"24","Геннадий","+7 (8452) 75-10-91","test@test","2"
"25","Георгий","+7 (8452) 72-12-79","test@test","1"
"26","Герасим","+7 (8452) 75-10-92","test@test","2"
"27","Герман","+7 (8452) 72-12-80","test@test","1"
"28","Глеб","+7 (8452) 75-10-93","test@test","2"
"29","Гордей","+7 (8452) 75-10-91","test@test","1"
"30","Григорий","+7 (8452) 72-12-79","test@test","2"
"31","Нестор","+7 (8452) 75-10-92","test@test","1"
"32","Никанор","+7 (8452) 72-12-80","test@test","2"
"33","Никита","+7 (8452) 75-10-93","test@test","1"
"34","Никифор","+7 (8452) 72-12-81","test@test","2"
"35","Николай","+7 (8452) 75-10-94","test@test","1"
"36","Валентина","+7 (8452) 75-10-92","test@test","2"
"37","Валерия","+7 (8452) 72-12-80","test@test","1"
"38","Варвара","+7 (8452) 75-10-93","test@test","2"
"39","Василиса","+7 (8452) 72-12-81","test@test","1"
"40","Вера","+7 (8452) 75-10-94","test@test","1"
"41","Вероника","+7 (8452) 72-12-82","test@test","2"
"42","Пелагея","+7 (8452) 75-10-95","test@test","1"
"43","Полина","+7 (8452) 75-10-93","test@test","3"
"44","Прасковья","+7 (8452) 72-12-81","test@test","3"
"45","Фаина","+7 (8452) 75-10-94","test@test","3"
"46","Феврония","+7 (8452) 72-12-82","test@test","3"
"47","Фёкла","+7 (8452) 75-10-95","test@test","3"
"48","Инесса","+7 (8452) 72-12-83","test@test","3"
"49","Иоанна","+7 (8452) 75-10-96","test@test","3"
"50","Ираида","+7 (8452) 75-10-94","test@test","3"
"51","Ирина","+7 (8452) 72-12-82","test@test","2"
